Entity,Code,Year,Real GDP per capita 
United Kingdom,GBR,1270,805.91998
United Kingdom,GBR,1271,796.29999
United Kingdom,GBR,1272,824.89001
United Kingdom,GBR,1273,776.84998
United Kingdom,GBR,1274,772.75
United Kingdom,GBR,1275,881.90997
United Kingdom,GBR,1276,774.90002
United Kingdom,GBR,1277,826.15997
United Kingdom,GBR,1278,855.21002
United Kingdom,GBR,1279,708.71997
United Kingdom,GBR,1280,715.38
United Kingdom,GBR,1281,755.87
United Kingdom,GBR,1282,729.02002
United Kingdom,GBR,1283,689.13
United Kingdom,GBR,1284,708.59998
United Kingdom,GBR,1285,713.41998
United Kingdom,GBR,1286,699.29999
United Kingdom,GBR,1287,761.09998
United Kingdom,GBR,1288,733.67999
United Kingdom,GBR,1289,673.10999
United Kingdom,GBR,1290,678.76001
United Kingdom,GBR,1291,680.42999
United Kingdom,GBR,1292,716.96997
United Kingdom,GBR,1293,734.25
United Kingdom,GBR,1294,729.08002
United Kingdom,GBR,1295,781.17999
United Kingdom,GBR,1296,812.81
United Kingdom,GBR,1297,778.09998
United Kingdom,GBR,1298,818.84998
United Kingdom,GBR,1299,788.97998
United Kingdom,GBR,1300,783.94
United Kingdom,GBR,1301,789.84998
United Kingdom,GBR,1302,810.66998
United Kingdom,GBR,1303,844.70001
United Kingdom,GBR,1304,764.48999
United Kingdom,GBR,1305,786.07001
United Kingdom,GBR,1306,763.76001
United Kingdom,GBR,1307,801.01001
United Kingdom,GBR,1308,810.83002
United Kingdom,GBR,1309,831.23999
United Kingdom,GBR,1310,820.58002
United Kingdom,GBR,1311,849.87
United Kingdom,GBR,1312,827.77002
United Kingdom,GBR,1313,842.88
United Kingdom,GBR,1314,843.52002
United Kingdom,GBR,1315,758.28998
United Kingdom,GBR,1316,725.14001
United Kingdom,GBR,1317,768.48999
United Kingdom,GBR,1318,859.01001
United Kingdom,GBR,1319,873.95001
United Kingdom,GBR,1320,856.31
United Kingdom,GBR,1321,733.60999
United Kingdom,GBR,1322,782.07001
United Kingdom,GBR,1323,821.89001
United Kingdom,GBR,1324,758.60999
United Kingdom,GBR,1325,831.71997
United Kingdom,GBR,1326,841.79999
United Kingdom,GBR,1327,826.76001
United Kingdom,GBR,1328,767.35999
United Kingdom,GBR,1329,806.63
United Kingdom,GBR,1330,785.03998
United Kingdom,GBR,1331,747.67999
United Kingdom,GBR,1332,786.39001
United Kingdom,GBR,1333,809.34003
United Kingdom,GBR,1334,782.08002
United Kingdom,GBR,1335,748.78998
United Kingdom,GBR,1336,783.65997
United Kingdom,GBR,1337,867.90002
United Kingdom,GBR,1338,884.09003
United Kingdom,GBR,1339,721.09003
United Kingdom,GBR,1340,807.28998
United Kingdom,GBR,1341,815.09003
United Kingdom,GBR,1342,852.59003
United Kingdom,GBR,1343,828.26001
United Kingdom,GBR,1344,883.79999
United Kingdom,GBR,1345,822.5
United Kingdom,GBR,1346,780.96997
United Kingdom,GBR,1347,810.95001
United Kingdom,GBR,1348,830.97998
United Kingdom,GBR,1349,780.62
United Kingdom,GBR,1350,889
United Kingdom,GBR,1351,1026.99
United Kingdom,GBR,1352,1064.66
United Kingdom,GBR,1353,1067.86
United Kingdom,GBR,1354,1022.79
United Kingdom,GBR,1355,1054.14
United Kingdom,GBR,1356,1039.8101
United Kingdom,GBR,1357,1059.54
United Kingdom,GBR,1358,1065.0601
United Kingdom,GBR,1359,1076.6801
United Kingdom,GBR,1360,1069.49
United Kingdom,GBR,1361,1032
United Kingdom,GBR,1362,1004.95
United Kingdom,GBR,1363,975.71002
United Kingdom,GBR,1364,1084
United Kingdom,GBR,1365,1035.75
United Kingdom,GBR,1366,1067.05
United Kingdom,GBR,1367,1001.39
United Kingdom,GBR,1368,994.53003
United Kingdom,GBR,1369,928.67999
United Kingdom,GBR,1370,1040.67
United Kingdom,GBR,1371,1007
United Kingdom,GBR,1372,910.84003
United Kingdom,GBR,1373,986.25
United Kingdom,GBR,1374,907.09998
United Kingdom,GBR,1375,874.88
United Kingdom,GBR,1376,1011.18
United Kingdom,GBR,1377,1041.01
United Kingdom,GBR,1378,1030.04
United Kingdom,GBR,1379,945.76001
United Kingdom,GBR,1380,988.83002
United Kingdom,GBR,1381,1014.76
United Kingdom,GBR,1382,1050.09
United Kingdom,GBR,1383,1003.99
United Kingdom,GBR,1384,1136.2
United Kingdom,GBR,1385,1036.03
United Kingdom,GBR,1386,1159.08
United Kingdom,GBR,1387,1168.5699
United Kingdom,GBR,1388,1081.33
United Kingdom,GBR,1389,1120.08
United Kingdom,GBR,1390,1051
United Kingdom,GBR,1391,1179.09
United Kingdom,GBR,1392,1330.17
United Kingdom,GBR,1393,1102.3199
United Kingdom,GBR,1394,1214
United Kingdom,GBR,1395,1165.24
United Kingdom,GBR,1396,1175.59
United Kingdom,GBR,1397,1152.91
United Kingdom,GBR,1398,1237.63
United Kingdom,GBR,1399,1191.5
United Kingdom,GBR,1400,1161.55
United Kingdom,GBR,1401,1146.9
United Kingdom,GBR,1402,1177.8101
United Kingdom,GBR,1403,1197.35
United Kingdom,GBR,1404,1218.16
United Kingdom,GBR,1405,1220.55
United Kingdom,GBR,1406,1132.3199
United Kingdom,GBR,1407,1134.1801
United Kingdom,GBR,1408,1049.6801
United Kingdom,GBR,1409,1086.66
United Kingdom,GBR,1410,1155.08
United Kingdom,GBR,1411,1131.67
United Kingdom,GBR,1412,1105.9301
United Kingdom,GBR,1413,1003.02
United Kingdom,GBR,1414,1140.29
United Kingdom,GBR,1415,1167.16
United Kingdom,GBR,1416,1126
United Kingdom,GBR,1417,1231.46
United Kingdom,GBR,1418,1169.02
United Kingdom,GBR,1419,1231.75
United Kingdom,GBR,1420,1202.1899
United Kingdom,GBR,1421,1123.14
United Kingdom,GBR,1422,1160.49
United Kingdom,GBR,1423,1225.26
United Kingdom,GBR,1424,1235.52
United Kingdom,GBR,1425,1193.48
United Kingdom,GBR,1426,1157.97
United Kingdom,GBR,1427,1128.25
United Kingdom,GBR,1428,1059.72
United Kingdom,GBR,1429,1096.73
United Kingdom,GBR,1430,1129.0601
United Kingdom,GBR,1431,1137.0699
United Kingdom,GBR,1432,1125.25
United Kingdom,GBR,1433,1161.0601
United Kingdom,GBR,1434,1233.02
United Kingdom,GBR,1435,1097.8101
United Kingdom,GBR,1436,1024.92
United Kingdom,GBR,1437,985.60999
United Kingdom,GBR,1438,1036.86
United Kingdom,GBR,1439,1085.17
United Kingdom,GBR,1440,1097.65
United Kingdom,GBR,1441,972.42999
United Kingdom,GBR,1442,1008.82
United Kingdom,GBR,1443,1223.04
United Kingdom,GBR,1444,1223.9301
United Kingdom,GBR,1445,1057.98
United Kingdom,GBR,1446,1127.5601
United Kingdom,GBR,1447,1157.15
United Kingdom,GBR,1448,1198.26
United Kingdom,GBR,1449,1101.65
United Kingdom,GBR,1450,1138
United Kingdom,GBR,1451,1139.86
United Kingdom,GBR,1452,1124.8
United Kingdom,GBR,1453,1133.8199
United Kingdom,GBR,1454,1133.95
United Kingdom,GBR,1455,1124.5601
United Kingdom,GBR,1456,1136.17
United Kingdom,GBR,1457,1038.7
United Kingdom,GBR,1458,1099
United Kingdom,GBR,1459,1081.27
United Kingdom,GBR,1460,1080.65
United Kingdom,GBR,1461,1084.2
United Kingdom,GBR,1462,1184.66
United Kingdom,GBR,1463,1198.27
United Kingdom,GBR,1464,1092.21
United Kingdom,GBR,1465,1059.53
United Kingdom,GBR,1466,1050.67
United Kingdom,GBR,1467,1082.16
United Kingdom,GBR,1468,1128.47
United Kingdom,GBR,1469,1112.41
United Kingdom,GBR,1470,1079.96
United Kingdom,GBR,1471,1031.48
United Kingdom,GBR,1472,1064.92
United Kingdom,GBR,1473,1055.3199
United Kingdom,GBR,1474,1110.3199
United Kingdom,GBR,1475,1076.47
United Kingdom,GBR,1476,997.41998
United Kingdom,GBR,1477,1042.37
United Kingdom,GBR,1478,1070.64
United Kingdom,GBR,1479,1130.5699
United Kingdom,GBR,1480,1161.8101
United Kingdom,GBR,1481,1108.97
United Kingdom,GBR,1482,1059.34
United Kingdom,GBR,1483,1109.59
United Kingdom,GBR,1484,1097.6801
United Kingdom,GBR,1485,1036.3199
United Kingdom,GBR,1486,1147.04
United Kingdom,GBR,1487,1047.22
United Kingdom,GBR,1488,1067.74
United Kingdom,GBR,1489,1090.46
United Kingdom,GBR,1490,1095.86
United Kingdom,GBR,1491,1103.52
United Kingdom,GBR,1492,1115.3101
United Kingdom,GBR,1493,1095.77
United Kingdom,GBR,1494,1146.01
United Kingdom,GBR,1495,1122.05
United Kingdom,GBR,1496,1085.4301
United Kingdom,GBR,1497,1156.29
United Kingdom,GBR,1498,1166.0601
United Kingdom,GBR,1499,1168.98
United Kingdom,GBR,1500,1147.9301
United Kingdom,GBR,1501,1104.6899
United Kingdom,GBR,1502,1142.03
United Kingdom,GBR,1503,1188.36
United Kingdom,GBR,1504,1189
United Kingdom,GBR,1505,1198.86
United Kingdom,GBR,1506,1201.33
United Kingdom,GBR,1507,1176.59
United Kingdom,GBR,1508,1190.09
United Kingdom,GBR,1509,1242.48
United Kingdom,GBR,1510,1195.48
United Kingdom,GBR,1511,1216.71
United Kingdom,GBR,1512,1159.62
United Kingdom,GBR,1513,1207.0601
United Kingdom,GBR,1514,1201.63
United Kingdom,GBR,1515,1231.17
United Kingdom,GBR,1516,1217.15
United Kingdom,GBR,1517,1217.53
United Kingdom,GBR,1518,1220.9301
United Kingdom,GBR,1519,1206.8
United Kingdom,GBR,1520,1186.7
United Kingdom,GBR,1521,1211.52
United Kingdom,GBR,1522,1229.77
United Kingdom,GBR,1523,1248.9301
United Kingdom,GBR,1524,1262.08
United Kingdom,GBR,1525,1249.83
United Kingdom,GBR,1526,1252.8
United Kingdom,GBR,1527,1158.51
United Kingdom,GBR,1528,1164.3199
United Kingdom,GBR,1529,1177.4
United Kingdom,GBR,1530,1187.26
United Kingdom,GBR,1531,1142.48
United Kingdom,GBR,1532,1177.36
United Kingdom,GBR,1533,1166.6
United Kingdom,GBR,1534,1213.95
United Kingdom,GBR,1535,1125.76
United Kingdom,GBR,1536,1108.3
United Kingdom,GBR,1537,1188.76
United Kingdom,GBR,1538,1120.83
United Kingdom,GBR,1539,1203.95
United Kingdom,GBR,1540,1158.76
United Kingdom,GBR,1541,1121.75
United Kingdom,GBR,1542,1157.15
United Kingdom,GBR,1543,1115.4301
United Kingdom,GBR,1544,1172.66
United Kingdom,GBR,1545,1136.3
United Kingdom,GBR,1546,1152.92
United Kingdom,GBR,1547,1244.8101
United Kingdom,GBR,1548,1187.0699
United Kingdom,GBR,1549,1134.61
United Kingdom,GBR,1550,1118.53
United Kingdom,GBR,1551,1084.9399
United Kingdom,GBR,1552,1033.36
United Kingdom,GBR,1553,1204.46
United Kingdom,GBR,1554,1093.09
United Kingdom,GBR,1555,1081.42
United Kingdom,GBR,1556,875.73999
United Kingdom,GBR,1557,959.84998
United Kingdom,GBR,1558,1246.46
United Kingdom,GBR,1559,1179.21
United Kingdom,GBR,1560,1185.4
United Kingdom,GBR,1561,1202.72
United Kingdom,GBR,1562,1191.77
United Kingdom,GBR,1563,1294.01
United Kingdom,GBR,1564,1246.59
United Kingdom,GBR,1565,1243.58
United Kingdom,GBR,1566,1390.64
United Kingdom,GBR,1567,1298.8199
United Kingdom,GBR,1568,1292.3199
United Kingdom,GBR,1569,1281.8199
United Kingdom,GBR,1570,1175.08
United Kingdom,GBR,1571,1174.96
United Kingdom,GBR,1572,1132.98
United Kingdom,GBR,1573,1294.5699
United Kingdom,GBR,1574,1142.33
United Kingdom,GBR,1575,1268.52
United Kingdom,GBR,1576,1304.34
United Kingdom,GBR,1577,1102.5699
United Kingdom,GBR,1578,1254.0699
United Kingdom,GBR,1579,1231.21
United Kingdom,GBR,1580,1160.83
United Kingdom,GBR,1581,1118.78
United Kingdom,GBR,1582,997.96002
United Kingdom,GBR,1583,1123.38
United Kingdom,GBR,1584,1079.91
United Kingdom,GBR,1585,944.06
United Kingdom,GBR,1586,917.37
United Kingdom,GBR,1587,1015.56
United Kingdom,GBR,1588,1143.0601
United Kingdom,GBR,1589,997.07001
United Kingdom,GBR,1590,1053.46
United Kingdom,GBR,1591,1060.61
United Kingdom,GBR,1592,1144.5699
United Kingdom,GBR,1593,1212.24
United Kingdom,GBR,1594,983.65002
United Kingdom,GBR,1595,982.85999
United Kingdom,GBR,1596,932.59998
United Kingdom,GBR,1597,890.19
United Kingdom,GBR,1598,1061.01
United Kingdom,GBR,1599,1209.23
United Kingdom,GBR,1600,1143.37
United Kingdom,GBR,1601,1130.24
United Kingdom,GBR,1602,1184.51
United Kingdom,GBR,1603,1250.78
United Kingdom,GBR,1604,1330.1801
United Kingdom,GBR,1605,1184.86
United Kingdom,GBR,1606,1238.4301
United Kingdom,GBR,1607,1122.76
United Kingdom,GBR,1608,1062.6801
United Kingdom,GBR,1609,1225.61
United Kingdom,GBR,1610,1297.75
United Kingdom,GBR,1611,1188.14
United Kingdom,GBR,1612,1132.77
United Kingdom,GBR,1613,1090.41
United Kingdom,GBR,1614,1051.61
United Kingdom,GBR,1615,1136.77
United Kingdom,GBR,1616,1072.89
United Kingdom,GBR,1617,1183.0601
United Kingdom,GBR,1618,1176.46
United Kingdom,GBR,1619,1072.97
United Kingdom,GBR,1620,1245.83
United Kingdom,GBR,1621,1238.98
United Kingdom,GBR,1622,1069.0699
United Kingdom,GBR,1623,1060.16
United Kingdom,GBR,1624,1204.51
United Kingdom,GBR,1625,1216.13
United Kingdom,GBR,1626,1170.08
United Kingdom,GBR,1627,1171.85
United Kingdom,GBR,1628,1316.51
United Kingdom,GBR,1629,967.35999
United Kingdom,GBR,1630,957.65002
United Kingdom,GBR,1631,981.04999
United Kingdom,GBR,1632,1102.2
United Kingdom,GBR,1633,1014.82
United Kingdom,GBR,1634,1027.22
United Kingdom,GBR,1635,1062.75
United Kingdom,GBR,1636,1031.98
United Kingdom,GBR,1637,997.91998
United Kingdom,GBR,1638,1098.55
United Kingdom,GBR,1639,1109.21
United Kingdom,GBR,1640,1138.24
United Kingdom,GBR,1641,1014.01
United Kingdom,GBR,1642,1105.86
United Kingdom,GBR,1643,1166.59
United Kingdom,GBR,1644,1180.26
United Kingdom,GBR,1645,1021.63
United Kingdom,GBR,1646,1030.85
United Kingdom,GBR,1647,1024.85
United Kingdom,GBR,1648,1038.17
United Kingdom,GBR,1649,1020
United Kingdom,GBR,1650,977.96997
United Kingdom,GBR,1651,1032.88
United Kingdom,GBR,1652,1162.98
United Kingdom,GBR,1653,1298.59
United Kingdom,GBR,1654,1287.2
United Kingdom,GBR,1655,1340.48
United Kingdom,GBR,1656,1240.92
United Kingdom,GBR,1657,1168.01
United Kingdom,GBR,1658,1150.83
United Kingdom,GBR,1659,974.37
United Kingdom,GBR,1660,1067.1
United Kingdom,GBR,1661,1088.8101
United Kingdom,GBR,1662,1125.36
United Kingdom,GBR,1663,1324.75
United Kingdom,GBR,1664,1236.1801
United Kingdom,GBR,1665,1289.71
United Kingdom,GBR,1666,1443.78
United Kingdom,GBR,1667,1485.1801
United Kingdom,GBR,1668,1312.15
United Kingdom,GBR,1669,1346.35
United Kingdom,GBR,1670,1307.99
United Kingdom,GBR,1671,1266.91
United Kingdom,GBR,1672,1257.8101
United Kingdom,GBR,1673,1282.84
United Kingdom,GBR,1674,1221.1899
United Kingdom,GBR,1675,1253.1
United Kingdom,GBR,1676,1481.54
United Kingdom,GBR,1677,1372.26
United Kingdom,GBR,1678,1422.41
United Kingdom,GBR,1679,1327.91
United Kingdom,GBR,1680,1493.74
United Kingdom,GBR,1681,1355.26
United Kingdom,GBR,1682,1453.8199
United Kingdom,GBR,1683,1571.34
United Kingdom,GBR,1684,1316.0699
United Kingdom,GBR,1685,1427.3
United Kingdom,GBR,1686,1318.4301
United Kingdom,GBR,1687,1467.01
United Kingdom,GBR,1688,1577.83
United Kingdom,GBR,1689,1510.47
United Kingdom,GBR,1690,1613.62
United Kingdom,GBR,1691,1623.47
United Kingdom,GBR,1692,1754.7
United Kingdom,GBR,1693,1485.99
United Kingdom,GBR,1694,1769.12
United Kingdom,GBR,1695,1692.37
United Kingdom,GBR,1696,1617.92
United Kingdom,GBR,1697,1596.54
United Kingdom,GBR,1698,1634.38
United Kingdom,GBR,1699,1571.85
United Kingdom,GBR,1700,1668.33
United Kingdom,GBR,1701,1812.4399
United Kingdom,GBR,1702,1792.72
United Kingdom,GBR,1703,1636.62
United Kingdom,GBR,1704,1948.33
United Kingdom,GBR,1705,1853.79
United Kingdom,GBR,1706,1543.12
United Kingdom,GBR,1707,1736.33
United Kingdom,GBR,1708,1850.87
United Kingdom,GBR,1709,1604.77
United Kingdom,GBR,1710,1437.03
United Kingdom,GBR,1711,1568.6801
United Kingdom,GBR,1712,1587.12
United Kingdom,GBR,1713,1519.72
United Kingdom,GBR,1714,1645.37
United Kingdom,GBR,1715,1597.6801
United Kingdom,GBR,1716,1648.41
United Kingdom,GBR,1717,1738.13
United Kingdom,GBR,1718,1817.73
United Kingdom,GBR,1719,1772.73
United Kingdom,GBR,1720,1892.35
United Kingdom,GBR,1721,1820.54
United Kingdom,GBR,1722,1838.55
United Kingdom,GBR,1723,1788.3199
United Kingdom,GBR,1724,1764.6899
United Kingdom,GBR,1725,1804.33
United Kingdom,GBR,1726,1734.58
United Kingdom,GBR,1727,1715.63
United Kingdom,GBR,1728,1783.67
United Kingdom,GBR,1729,1714.6899
United Kingdom,GBR,1730,1772.25
United Kingdom,GBR,1731,1745.75
United Kingdom,GBR,1732,1868.11
United Kingdom,GBR,1733,1894.05
United Kingdom,GBR,1734,1860.14
United Kingdom,GBR,1735,1800.63
United Kingdom,GBR,1736,1921.05
United Kingdom,GBR,1737,1808.01
United Kingdom,GBR,1738,1833.85
United Kingdom,GBR,1739,1810.98
United Kingdom,GBR,1740,1771.52
United Kingdom,GBR,1741,1819.21
United Kingdom,GBR,1742,1880.0601
United Kingdom,GBR,1743,1836.8
United Kingdom,GBR,1744,1799.54
United Kingdom,GBR,1745,1808.09
United Kingdom,GBR,1746,1854.37
United Kingdom,GBR,1747,1930.67
United Kingdom,GBR,1748,1905.8
United Kingdom,GBR,1749,1882.9399
United Kingdom,GBR,1750,1897.72
United Kingdom,GBR,1751,1845.71
United Kingdom,GBR,1752,1923.49
United Kingdom,GBR,1753,1925.1
United Kingdom,GBR,1754,1856.86
United Kingdom,GBR,1755,1898.8101
United Kingdom,GBR,1756,1850.5
United Kingdom,GBR,1757,1947.4399
United Kingdom,GBR,1758,1968.1899
United Kingdom,GBR,1759,1990.63
United Kingdom,GBR,1760,2034.6899
United Kingdom,GBR,1761,2099.21
United Kingdom,GBR,1762,2031.27
United Kingdom,GBR,1763,2027.9
United Kingdom,GBR,1764,2015.6
United Kingdom,GBR,1765,1982.03
United Kingdom,GBR,1766,1997.61
United Kingdom,GBR,1767,2005.23
United Kingdom,GBR,1768,2017.0699
United Kingdom,GBR,1769,2116.1699
United Kingdom,GBR,1770,2042.65
United Kingdom,GBR,1771,2066.6399
United Kingdom,GBR,1772,1998.14
United Kingdom,GBR,1773,2017.3199
United Kingdom,GBR,1774,1957.72
United Kingdom,GBR,1775,1998.5699
United Kingdom,GBR,1776,2043.29
United Kingdom,GBR,1777,2082.1899
United Kingdom,GBR,1778,2046.26
United Kingdom,GBR,1779,2021.37
United Kingdom,GBR,1780,2101.8401
United Kingdom,GBR,1781,2145.8201
United Kingdom,GBR,1782,2116.71
United Kingdom,GBR,1783,2089.97
United Kingdom,GBR,1784,2092.98
United Kingdom,GBR,1785,2059.03
United Kingdom,GBR,1786,2075.95
United Kingdom,GBR,1787,2020.63
United Kingdom,GBR,1788,1993.46
United Kingdom,GBR,1789,2017.88
United Kingdom,GBR,1790,2143.6201
United Kingdom,GBR,1791,2129.3899
United Kingdom,GBR,1792,2188.8701
United Kingdom,GBR,1793,2130.0801
United Kingdom,GBR,1794,2040.6899
United Kingdom,GBR,1795,2242.98
United Kingdom,GBR,1796,2258.6101
United Kingdom,GBR,1797,2220.8899
United Kingdom,GBR,1798,2214.8
United Kingdom,GBR,1799,2248.3301
United Kingdom,GBR,1800,2331.73
United Kingdom,GBR,1801,2338.0801
United Kingdom,GBR,1802,2348.02
United Kingdom,GBR,1803,2271.52
United Kingdom,GBR,1804,2239.8501
United Kingdom,GBR,1805,2336.9299
United Kingdom,GBR,1806,2291.8201
United Kingdom,GBR,1807,2405.8101
United Kingdom,GBR,1808,2261.0901
United Kingdom,GBR,1809,2301.1299
United Kingdom,GBR,1810,2420.1101
United Kingdom,GBR,1811,2363.5601
United Kingdom,GBR,1812,2237.1899
United Kingdom,GBR,1813,2322.78
United Kingdom,GBR,1814,2241.1799
United Kingdom,GBR,1815,2436.8
United Kingdom,GBR,1816,2271.3
United Kingdom,GBR,1817,2271.8301
United Kingdom,GBR,1818,2236.72
United Kingdom,GBR,1819,2166.74
United Kingdom,GBR,1820,2312.04
United Kingdom,GBR,1821,2312.3701
United Kingdom,GBR,1822,2317.28
United Kingdom,GBR,1823,2347.71
United Kingdom,GBR,1824,2439.7
United Kingdom,GBR,1825,2455.26
United Kingdom,GBR,1826,2292.0601
United Kingdom,GBR,1827,2438.0601
United Kingdom,GBR,1828,2406.6101
United Kingdom,GBR,1829,2393.5
United Kingdom,GBR,1830,2467.7
United Kingdom,GBR,1831,2509.5901
United Kingdom,GBR,1832,2494.6399
United Kingdom,GBR,1833,2491.26
United Kingdom,GBR,1834,2542.3201
United Kingdom,GBR,1835,2664.8
United Kingdom,GBR,1836,2699.9299
United Kingdom,GBR,1837,2646.5701
United Kingdom,GBR,1838,2745.99
United Kingdom,GBR,1839,2773.96
United Kingdom,GBR,1840,2749.8899
United Kingdom,GBR,1841,2643.4299
United Kingdom,GBR,1842,2597.53
United Kingdom,GBR,1843,2647.48
United Kingdom,GBR,1844,2818.3501
United Kingdom,GBR,1845,2912.6101
United Kingdom,GBR,1846,3043.46
United Kingdom,GBR,1847,2972.96
United Kingdom,GBR,1848,3002.6599
United Kingdom,GBR,1849,2990.5
United Kingdom,GBR,1850,2913.6399
United Kingdom,GBR,1851,3004.3899
United Kingdom,GBR,1852,3059.3799
United Kingdom,GBR,1853,3135.8501
United Kingdom,GBR,1854,3232.5801
United Kingdom,GBR,1855,3159.5901
United Kingdom,GBR,1856,3264.9299
United Kingdom,GBR,1857,3261.4099
United Kingdom,GBR,1858,3213.96
United Kingdom,GBR,1859,3299.71
United Kingdom,GBR,1860,3347.1899
United Kingdom,GBR,1861,3371.6799
United Kingdom,GBR,1862,3302.77
United Kingdom,GBR,1863,3439.75
United Kingdom,GBR,1864,3445.8201
United Kingdom,GBR,1865,3564.3501
United Kingdom,GBR,1866,3569.1299
United Kingdom,GBR,1867,3543.3101
United Kingdom,GBR,1868,3639.0801
United Kingdom,GBR,1869,3683.75
United Kingdom,GBR,1870,3927.1799
United Kingdom,GBR,1871,4104.1299
United Kingdom,GBR,1872,4065.4199
United Kingdom,GBR,1873,4038.55
United Kingdom,GBR,1874,4152.9902
United Kingdom,GBR,1875,4131.02
United Kingdom,GBR,1876,4089.48
United Kingdom,GBR,1877,4067.54
United Kingdom,GBR,1878,4010.6399
United Kingdom,GBR,1879,3880.03
United Kingdom,GBR,1880,4115.9902
United Kingdom,GBR,1881,4168.96
United Kingdom,GBR,1882,4183.0898
United Kingdom,GBR,1883,4273
United Kingdom,GBR,1884,4178.8398
United Kingdom,GBR,1885,4089.0901
United Kingdom,GBR,1886,4057.8101
United Kingdom,GBR,1887,4188.4102
United Kingdom,GBR,1888,4283
United Kingdom,GBR,1889,4375.5298
United Kingdom,GBR,1890,4375.8701
United Kingdom,GBR,1891,4460.6499
United Kingdom,GBR,1892,4299.1899
United Kingdom,GBR,1893,4212.0801
United Kingdom,GBR,1894,4373.3398
United Kingdom,GBR,1895,4465.9199
United Kingdom,GBR,1896,4602.2998
United Kingdom,GBR,1897,4601.2598
United Kingdom,GBR,1898,4791.23
United Kingdom,GBR,1899,4921.6099
United Kingdom,GBR,1900,4870.75
United Kingdom,GBR,1901,4930.29
United Kingdom,GBR,1902,4958.0801
United Kingdom,GBR,1903,4859.2402
United Kingdom,GBR,1904,4876.4902
United Kingdom,GBR,1905,4990.8398
United Kingdom,GBR,1906,5064.96
United Kingdom,GBR,1907,5115.8198
United Kingdom,GBR,1908,4888.0298
United Kingdom,GBR,1909,4955.3501
United Kingdom,GBR,1910,5067.0698
United Kingdom,GBR,1911,5179.96
United Kingdom,GBR,1912,5245.1699
United Kingdom,GBR,1913,5441.6499
United Kingdom,GBR,1914,5485.5601
United Kingdom,GBR,1915,5722.2202
United Kingdom,GBR,1916,5782.3599
United Kingdom,GBR,1917,5746.9302
United Kingdom,GBR,1918,5858.5298
United Kingdom,GBR,1919,5422.9302
United Kingdom,GBR,1920,5058.5601
United Kingdom,GBR,1921,4528.75
United Kingdom,GBR,1922,4737.4399
United Kingdom,GBR,1923,4848.0498
United Kingdom,GBR,1924,5033.0098
United Kingdom,GBR,1925,5192.1001
United Kingdom,GBR,1926,5005.73
United Kingdom,GBR,1927,5365.4302
United Kingdom,GBR,1928,5380.23
United Kingdom,GBR,1929,5515.9302
United Kingdom,GBR,1930,5436.5801
United Kingdom,GBR,1931,5154.6699
United Kingdom,GBR,1932,5130.71
United Kingdom,GBR,1933,5274.4502
United Kingdom,GBR,1934,5573.46
United Kingdom,GBR,1935,5753.7402
United Kingdom,GBR,1936,5998.1699
United Kingdom,GBR,1937,6175.02
United Kingdom,GBR,1938,6195.2402
United Kingdom,GBR,1939,6434.8301
United Kingdom,GBR,1940,7012.0098
United Kingdom,GBR,1941,7665.2598
United Kingdom,GBR,1942,7762.79
United Kingdom,GBR,1943,7815.52
United Kingdom,GBR,1944,7439.6802
United Kingdom,GBR,1945,7066.1401
United Kingdom,GBR,1946,6894.6201
United Kingdom,GBR,1947,6756.8198
United Kingdom,GBR,1948,6906.1299
United Kingdom,GBR,1949,7098.3999
United Kingdom,GBR,1950,7301.4302
United Kingdom,GBR,1951,7615.29
United Kingdom,GBR,1952,7715.1602
United Kingdom,GBR,1953,8117.27
United Kingdom,GBR,1954,8438.96
United Kingdom,GBR,1955,8732.1904
United Kingdom,GBR,1956,8832.1201
United Kingdom,GBR,1957,8956.0303
United Kingdom,GBR,1958,9032.5303
United Kingdom,GBR,1959,9349.9297
United Kingdom,GBR,1960,9854.6299
United Kingdom,GBR,1961,10026.64
United Kingdom,GBR,1962,10040.47
United Kingdom,GBR,1963,10463.46
United Kingdom,GBR,1964,10965.48
United Kingdom,GBR,1965,11122.6
United Kingdom,GBR,1966,11231.22
United Kingdom,GBR,1967,11474.64
United Kingdom,GBR,1968,12045.96
United Kingdom,GBR,1969,12224.58
United Kingdom,GBR,1970,12521.6
United Kingdom,GBR,1971,12895.95
United Kingdom,GBR,1972,13384.1
United Kingdom,GBR,1973,14215.1
United Kingdom,GBR,1974,13858.58
United Kingdom,GBR,1975,13648.77
United Kingdom,GBR,1976,14045.77
United Kingdom,GBR,1977,14391.65
United Kingdom,GBR,1978,14989.37
United Kingdom,GBR,1979,15522.56
United Kingdom,GBR,1980,15170.12
United Kingdom,GBR,1981,15034.56
United Kingdom,GBR,1982,15359.88
United Kingdom,GBR,1983,16004.08
United Kingdom,GBR,1984,16342.17
United Kingdom,GBR,1985,16982.9
United Kingdom,GBR,1986,17479.17
United Kingdom,GBR,1987,18381.65
United Kingdom,GBR,1988,19409.699
United Kingdom,GBR,1989,19862.65
United Kingdom,GBR,1990,19954.029
United Kingdom,GBR,1991,19668.52
United Kingdom,GBR,1992,19672.33
United Kingdom,GBR,1993,20104.971
United Kingdom,GBR,1994,20813.869
United Kingdom,GBR,1995,21249.51
United Kingdom,GBR,1996,21711.93
United Kingdom,GBR,1997,22305.119
United Kingdom,GBR,1998,23031.199
United Kingdom,GBR,1999,23753.75
United Kingdom,GBR,2000,24402.141
United Kingdom,GBR,2001,25021.18
United Kingdom,GBR,2002,25549.5
United Kingdom,GBR,2003,26341.619
United Kingdom,GBR,2004,26777.699
United Kingdom,GBR,2005,27284.439
United Kingdom,GBR,2006,27669.109
United Kingdom,GBR,2007,28236.949
United Kingdom,GBR,2008,27766.17
United Kingdom,GBR,2009,26453.211
United Kingdom,GBR,2010,26774.529
United Kingdom,GBR,2011,26914.74
United Kingdom,GBR,2012,27206.471
United Kingdom,GBR,2013,27544.32
United Kingdom,GBR,2014,28256.801
United Kingdom,GBR,2015,28692.971
United Kingdom,GBR,2016,28982.27